"LSOA21CD","BUA22CD"
"E01000136","E63004747"
"E01000167","E63004747"
"E01000095","E63004859"
"E01000666","E63005189"
"E01000673","E63005189"
"E01000680","E63005189"
"E01000748","E63005189"
"E01000749","E63005189"
"E01000606","E63004844"
"E01000816","E63005189"
"E01000967","E63004858"
"E01001064","E63005267"
"E01000908","E63004858"
"E01001208","E63004894"
"E01001084","E63005267"
"E01001575","E63004986"
"E01001327","E63004894"
"E01001407","E63004679"
"E01001412","E63004679"
"E01002190","E63004781"
"E01002337","E63004796"
"E01002292","E63004796"
"E01002438","E63004882"
"E01002444","E63004882"
"E01002446","E63004882"
"E01002447","E63004882"
"E01002544","E63004882"
"E01002572","E63005014"
"E01003078","E63005063"
"E01003659","E63004790"
"E01004114","E63005250"
"E01004085","E63005250"
"E01003837","E63005073"
"E01003852","E63005073"
"E01004968","E63001098"
"E01005022","E63001037"
"E01004780","E63001106"
"E01004809","E63001109"
"E01004982","E63001098"
"E01005010","E63001151"
"E01004884","E63001095"
"E01005047","E63001098"
"E01005049","E63001098"
"E01005059","E63001098"
"E01005192","E63001323"
"E01005468","E63001069"
"E01005365","E63001254"
"E01005391","E63001142"
"E01005594","E63001069"
"E01005719","E63001274"
"E01005732","E63001281"
"E01005520","E63001022"
"E01005620","E63001334"
"E01005737","E63001256"
"E01005908","E63001386"
"E01005740","E63001256"
"E01006027","E63001328"
"E01006232","E63001114"
"E01005929","E63001435"
"E01005930","E63001435"
"E01006215","E63001224"
"E01006243","E63001213"
"E01006087","E63001421"
"E01006313","E63001136"
"E01006327","E63001260"
"E01006364","E63001199"
"E01006473","E63001367"
"E01006425","E63001374"
"E01006708","E63001374"
"E01006495","E63001284"
"E01006508","E63001284"
"E01006803","E63001301"
"E01006815","E63001325"
"E01006819","E63001325"
"E01006827","E63001365"
"E01006829","E63001325"
"E01006981","E63001291"
"E01006993","E63001155"
"E01006875","E63001325"
"E01006885","E63001250"
"E01006886","E63001250"
"E01006899","E63001325"
"E01007144","E63999999"
"E01007148","E63001464"
"E01007488","E63001062"
"E01007490","E63001062"
"E01007516","E63001190"
"E01007421","E63001251"
"E01007424","E63001270"
"E01007426","E63001174"
"E01007183","E63001468"
"E01007436","E63001119"
"E01007195","E63001383"
"E01007339","E63001160"
"E01007559","E63001129"
"E01007923","E63001424"
"E01007624","E63001157"
"E01007583","E63001220"
"E01007966","E63001424"
"E01007967","E63001424"
"E01007974","E63001424"
"E01007696","E63001292"
"E01007752","E63001499"
"E01007764","E63001358"
"E01007772","E63001307"
"E01007721","E63001324"
"E01008217","E63000111"
"E01008247","E63000093"
"E01008301","E63000077"
"E01008258","E63000111"
"E01008272","E63000117"
"E01008276","E63000099"
"E01008278","E63000099"
"E01008128","E63001347"
"E01008129","E63001424"
"E01008478","E63000058"
"E01008504","E63000066"
"E01008505","E63000066"
"E01008632","E63000094"
"E01008645","E63000090"
"E01008605","E63000087"
"E01008443","E63000077"
"E01008799","E63000147"
"E01008811","E63000125"
"E01008712","E63000125"
"E01009250","E63002904"
"E01008974","E63002904"
"E01008919","E63002904"
"E01009443","E63002760"
"E01009467","E63002760"
"E01009315","E63002904"
"E01009544","E63003006"
"E01009557","E63003006"
"E01009590","E63002938"
"E01009705","E63003006"
"E01009709","E63003006"
"E01010086","E63002757"
"E01009925","E63002889"
"E01009874","E63002862"
"E01009884","E63002862"
"E01009890","E63002862"
"E01009752","E63002913"
"E01010181","E63003063"
"E01010183","E63003011"
"E01010207","E63003011"
"E01010227","E63003011"
"E01010267","E63002734"
"E01010141","E63002904"
"E01010303","E63002598"
"E01010320","E63002675"
"E01010351","E63002628"
"E01010164","E63002975"
"E01010167","E63999999"
"E01010569","E63000733"
"E01010587","E63000773"
"E01010887","E63000866"
"E01010770","E63000657"
"E01010795","E63000806"
"E01010897","E63000987"
"E01010855","E63000748"
"E01010903","E63000967"
"E01010905","E63000884"
"E01010857","E63000748"
"E01010920","E63000903"
"E01010922","E63000900"
"E01010927","E63000900"
"E01010932","E63000879"
"E01010934","E63000900"
"E01010936","E63000879"
"E01010881","E63000875"
"E01010883","E63999999"
"E01010818","E63000803"
"E01011151","E63001017"
"E01011169","E63001117"
"E01011181","E63001146"
"E01011183","E63001183"
"E01011184","E63001117"
"E01011188","E63001117"
"E01011190","E63001075"
"E01011192","E63001043"
"E01011193","E63001031"
"E01010956","E63000938"
"E01010957","E63000996"
"E01010985","E63000926"
"E01011195","E63999999"
"E01011247","E63000932"
"E01011252","E63000970"
"E01011266","E63000681"
"E01011272","E63000710"
"E01011297","E63000742"
"E01011309","E63000742"
"E01011062","E63000901"
"E01011013","E63000916"
"E01011031","E63000927"
"E01011322","E63000784"
"E01011086","E63001017"
"E01011458","E63000731"
"E01011751","E63000910"
"E01011634","E63000880"
"E01011381","E63000784"
"E01011527","E63000854"
"E01011584","E63000661"
"E01011601","E63000789"
"E01011551","E63000904"
"E01011561","E63000784"
"E01011791","E63001049"
"E01011794","E63001000"
"E01011810","E63000939"
"E01011815","E63000934"
"E01011817","E63000991"
"E01011857","E63001027"
"E01011873","E63000971"
"E01011876","E63000971"
"E01012109","E63000316"
"E01012162","E63000317"
"E01011959","E63000274"
"E01011893","E63000971"
"E01011968","E63000271"
"E01011930","E63001020"
"E01011932","E63001009"
"E01011933","E63001020"
"E01011935","E63001058"
"E01012235","E63000358"
"E01012385","E63001481"
"E01012408","E63001481"
"E01012334","E63000340"
"E01012339","E63000354"
"E01012345","E63000348"
"E01012352","E63000339"
"E01012366","E63000339"
"E01012372","E63001481"
"E01012488","E63001400"
"E01012460","E63001400"
"E01012503","E63001400"
"E01012528","E63001400"
"E01012287","E63000323"
"E01012608","E63000869"
"E01012611","E63000869"
"E01012628","E63999999"
"E01012471","E63001400"
"E01012563","E63001400"
"E01012570","E63001400"
"E01012584","E63000869"
"E01012476","E63001312"
"E01012478","E63001400"
"E01012813","E63000825"
"E01012953","E63000799"
"E01012954","E63000799"
"E01012981","E63000566"
"E01012984","E63000571"
"E01012986","E63000604"
"E01012990","E63000529"
"E01012991","E63000547"
"E01012992","E63000555"
"E01013023","E63000738"
"E01013026","E63000829"
"E01013034","E63000703"
"E01013048","E63000642"
"E01013057","E63000647"
"E01012919","E63000715"
"E01013074","E63000908"
"E01013076","E63000940"
"E01013079","E63000867"
"E01013081","E63000925"
"E01013087","E63000931"
"E01013099","E63000894"
"E01013163","E63001128"
"E01013274","E63001048"
"E01013325","E63001185"
"E01013302","E63001112"
"E01013119","E63000599"
"E01013122","E63000662"
"E01013125","E63000570"
"E01013436","E63000563"
"E01013391","E63000615"
"E01013450","E63000670"
"E01013407","E63000598"
"E01013421","E63000621"
"E01013422","E63000606"
"E01013244","E63001145"
"E01013246","E63000993"
"E01013250","E63001272"
"E01013253","E63001265"
"E01013268","E63001015"
"E01013342","E63000643"
"E01013792","E63002690"
"E01013787","E63002575"
"E01013789","E63002481"
"E01013790","E63002354"
"E01013794","E63002754"
"E01013804","E63002488"
"E01013805","E63002523"
"E01013522","E63002078"
"E01013615","E63002491"
"E01013617","E63002622"
"E01013911","E63002092"
"E01013912","E63002092"
"E01014014","E63999999"
"E01014015","E63999999"
"E01014017","E63003435"
"E01014173","E63002320"
"E01014204","E63002505"
"E01014018","E63003801"
"E01014019","E63003847"
"E01014020","E63999999"
"E01014128","E63002505"
"E01014135","E63999999"
"E01014024","E63003471"
"E01014026","E63003921"
"E01014027","E63003819"
"E01014028","E63003695"
"E01014030","E63003670"
"E01014031","E63004283"
"E01014268","E63001958"
"E01013990","E63003867"
"E01013991","E63003823"
"E01013992","E63003830"
"E01013998","E63003254"
"E01013999","E63003373"
"E01014000","E63999999"
"E01014001","E63999999"
"E01014004","E63999999"
"E01014008","E63003617"
"E01014009","E63999999"
"E01014032","E63999999"
"E01014049","E63004121"
"E01014050","E63004233"
"E01014051","E63003108"
"E01014052","E63999999"
"E01014053","E63999999"
"E01014054","E63999999"
"E01014055","E63003442"
"E01014056","E63003486"
"E01014057","E63004137"
"E01014058","E63004102"
"E01014059","E63999999"
"E01014060","E63003988"
"E01014082","E63003702"
"E01014096","E63003233"
"E01014097","E63003336"
"E01014099","E63004054"
"E01014101","E63999999"
"E01014109","E63002505"
"E01014576","E63005018"
"E01014374","E63005162"
"E01014375","E63005162"
"E01014695","E63005057"
"E01014744","E63005364"
"E01014382","E63005260"
"E01014383","E63005430"
"E01014385","E63005369"
"E01014392","E63005216"
"E01014394","E63005426"
"E01014418","E63005449"
"E01014443","E63005414"
"E01014335","E63001958"
"E01014766","E63005053"
"E01014770","E63005347"
"E01014774","E63005251"
"E01014962","E63999999"
"E01014847","E63005182"
"E01014848","E63005208"
"E01014849","E63005106"
"E01014921","E63005018"
"E01014929","E63004868"
"E01014870","E63005050"
"E01014884","E63004783"
"E01014890","E63004904"
"E01014891","E63004915"
"E01014989","E63004776"
"E01014994","E63004934"
"E01015142","E63006926"
"E01015253","E63006890"
"E01015473","E63004775"
"E01015190","E63006916"
"E01015548","E63004879"
"E01015580","E63004848"
"E01015942","E63004963"
"E01015950","E63004958"
"E01015630","E63002642"
"E01016255","E63005225"
"E01016072","E63999999"
"E01016103","E63005204"
"E01016269","E63005180"
"E01016324","E63005168"
"E01016287","E63004974"
"E01016326","E63005081"
"E01016288","E63004980"
"E01016327","E63005137"
"E01016029","E63005237"
"E01016301","E63005241"
"E01016302","E63005190"
"E01016309","E63005139"
"E01016311","E63005168"
"E01016640","E63005254"
"E01016656","E63005042"
"E01016688","E63005074"
"E01016691","E63005228"
"E01016764","E63003858"
"E01016768","E63003858"
"E01016770","E63003858"
"E01016784","E63003858"
"E01016801","E63003682"
"E01016802","E63003629"
"E01016699","E63005181"
"E01016705","E63005233"
"E01016539","E63004922"
"E01016577","E63005012"
"E01016578","E63004922"
"E01016579","E63004929"
"E01016581","E63004990"
"E01016494","E63004918"
"E01016531","E63004854"
"E01016824","E63003858"
"E01016843","E63003858"
"E01016847","E63003858"
"E01016592","E63004922"
"E01016611","E63005205"
"E01016867","E63006520"
"E01016900","E63006520"
"E01017379","E63003915"
"E01017406","E63003927"
"E01017412","E63003793"
"E01017423","E63003524"
"E01017424","E63003679"
"E01017426","E63003658"
"E01017427","E63003618"
"E01017323","E63006774"
"E01017651","E63004325"
"E01017286","E63006721"
"E01017290","E63999999"
"E01017296","E63006770"
"E01017297","E63006789"
"E01017299","E63006833"
"E01017325","E63006744"
"E01017432","E63003598"
"E01017540","E63999999"
"E01017542","E63003463"
"E01017543","E63003463"
"E01017545","E63003412"
"E01017658","E63004215"
"E01017669","E63004052"
"E01017674","E63004169"
"E01017496","E63003638"
"E01017547","E63003619"
"E01017442","E63003925"
"E01017684","E63004393"
"E01017694","E63004124"
"E01017696","E63004005"
"E01017561","E63004229"
"E01017577","E63004062"
"E01017351","E63006724"
"E01017353","E63006746"
"E01017451","E63003970"
"E01017452","E63003915"
"E01017512","E63003664"
"E01017464","E63003452"
"E01017465","E63003533"
"E01017478","E63003473"
"E01017715","E63004075"
"E01017717","E63003916"
"E01017718","E63003990"
"E01017744","E63004632"
"E01017750","E63004556"
"E01017752","E63004512"
"E01017759","E63004728"
"E01018085","E63002748"
"E01018035","E63003206"
"E01017866","E63004823"
"E01017869","E63004658"
"E01017871","E63004689"
"E01017875","E63004869"
"E01017878","E63004774"
"E01017886","E63004448"
"E01017814","E63004918"
"E01017766","E63004541"
"E01018011","E63003505"
"E01018020","E63002943"
"E01018024","E63002965"
"E01018090","E63002540"
"E01018044","E63002906"
"E01018093","E63002509"
"E01017818","E63004812"
"E01018049","E63003137"
"E01018095","E63002467"
"E01017779","E63004626"
"E01017783","E63004700"
"E01017784","E63004769"
"E01017785","E63004597"
"E01017791","E63004541"
"E01018068","E63002767"
"E01017834","E63004918"
"E01017835","E63004908"
"E01018113","E63003057"
"E01018115","E63003257"
"E01018125","E63003154"
"E01018126","E63003130"
"E01018127","E63002720"
"E01018128","E63002805"
"E01018156","E63002927"
"E01018157","E63002885"
"E01018189","E63003403"
"E01018243","E63003472"
"E01018247","E63003500"
"E01018252","E63003418"
"E01018254","E63003581"
"E01018268","E63003728"
"E01018270","E63003687"
"E01018275","E63003599"
"E01018277","E63003326"
"E01018289","E63003716"
"E01018290","E63003777"
"E01018291","E63003566"
"E01018297","E63003391"
"E01018300","E63003300"
"E01018196","E63003021"
"E01018199","E63003085"
"E01018203","E63003183"
"E01018220","E63003665"
"E01018225","E63003484"
"E01018226","E63003747"
"E01018228","E63003779"
"E01018238","E63003756"
"E01018515","E63001863"
"E01018411","E63001640"
"E01018417","E63001803"
"E01018418","E63001803"
"E01018428","E63001783"
"E01018431","E63001778"
"E01018449","E63001954"
"E01018450","E63001954"
"E01018308","E63001657"
"E01018360","E63001637"
"E01018481","E63999999"
"E01018484","E63001804"
"E01018498","E63001804"
"E01018323","E63001675"
"E01018372","E63001759"
"E01018373","E63001824"
"E01018377","K08000001"
"E01018536","E63001524"
"E01018335","E63001736"
"E01018349","E63001659"
"E01018777","E63999999"
"E01018780","E63006959"
"E01018781","E63006975"
"E01018783","E63006878"
"E01018785","E63006925"
"E01018816","E63007031"
"E01018818","E63007023"
"E01018825","E63006985"
"E01018570","E63001525"
"E01018572","E63001523"
"E01018580","E63001511"
"E01018668","E63001539"
"E01018828","E63007044"
"E01018670","E63001621"
"E01018829","E63999999"
"E01018881","E63007088"
"E01018830","E63007029"
"E01018721","E63001569"
"E01018887","E63007077"
"E01018902","E63007083"
"E01018903","E63007083"
"E01018905","E63007080"
"E01018908","E63007015"
"E01018912","E63007015"
"E01018922","E63999999"
"E01018923","E63006832"
"E01018924","E63999999"
"E01018925","E63999999"
"E01018926","E63006831"
"E01018675","E63001534"
"E01018722","E63001623"
"E01018941","E63006790"
"E01018943","E63006444"
"E01018944","E63006897"
"E01018945","E63999999"
"E01018951","E63006561"
"E01018952","E63999999"
"E01018953","E63999999"
"E01018956","E63006837"
"E01018962","E63006808"
"E01018965","E63006811"
"E01018966","E63999999"
"E01018967","E63006851"
"E01018968","E63999999"
"E01018969","E63006731"
"E01018974","E63006656"
"E01018978","E63007038"
"E01018677","E63001618"
"E01018725","E63999999"
"E01018752","E63006858"
"E01018754","E63006860"
"E01018756","E63006870"
"E01018759","E63999999"
"E01018760","E63999999"
"E01018764","E63006901"
"E01018765","E63006882"
"E01018766","E63006972"
"E01018845","E63006986"
"E01018684","E63001619"
"E01018849","E63007056"
"E01018850","E63999999"
"E01018854","E63006998"
"E01018861","E63007071"
"E01018864","E63007061"
"E01018873","E63007037"
"E01018692","E63001607"
"E01018648","E63999999"
"E01018649","E63001505"
"E01018651","E63001489"
"E01018698","E63001580"
"E01018707","E63001648"
"E01018708","E63001570"
"E01019085","E63000255"
"E01019086","E63000229"
"E01019090","E63999999"
"E01019091","E63000263"
"E01019092","E63000294"
"E01019094","E63000226"
"E01019098","E63000238"
"E01019102","E63000162"
"E01019107","E63999999"
"E01019128","E63999999"
"E01019130","E63000164"
"E01019131","E63999999"
"E01019132","E63000138"
"E01019133","E63000209"
"E01019351","E63000443"
"E01019356","E63000387"
"E01019373","E63000470"
"E01019379","E63000495"
"E01019380","E63999999"
"E01019381","E63000456"
"E01019384","E63000403"
"E01019386","E63000432"
"E01019393","E63000474"
"E01019394","E63999999"
"E01018987","E63007055"
"E01018988","E63007060"
"E01018992","E63007062"
"E01019060","E63006886"
"E01019250","E63000150"
"E01019304","E63000381"
"E01019146","E63000498"
"E01019066","E63006984"
"E01019067","E63006973"
"E01019068","E63006973"
"E01019002","E63007079"
"E01019003","E63007072"
"E01019308","E63999999"
"E01019309","E63000341"
"E01019203","E63000116"
"E01019005","E63007081"
"E01019310","E63000296"
"E01019006","E63007081"
"E01019007","E63007049"
"E01019312","E63000276"
"E01019313","E63000252"
"E01019258","E63000368"
"E01019314","E63000259"
"E01019259","E63000415"
"E01019315","E63999999"
"E01019316","E63999999"
"E01019081","E63000194"
"E01019317","E63000362"
"E01019265","E63000338"
"E01019272","E63000353"
"E01019293","E63999999"
"E01019294","E63000326"
"E01019083","E63999999"
"E01019031","E63006909"
"E01019212","E63000163"
"E01019319","E63000279"
"E01019320","E63999999"
"E01019321","E63000237"
"E01019324","E63999999"
"E01019325","E63999999"
"E01019178","E63000521"
"E01019187","E63000521"
"E01019224","E63000123"
"E01019225","E63999999"
"E01019226","E63999999"
"E01019229","E63999999"
"E01019239","E63999999"
"E01019241","E63000133"
"E01019338","E63000227"
"E01019339","E63999999"
"E01019340","E63999999"
"E01019343","E63000457"
"E01019405","E63999999"
"E01019419","E63001926"
"E01019422","E63001882"
"E01019429","E63001871"
"E01019430","E63001849"
"E01019448","E63001912"
"E01019504","E63001629"
"E01019467","E63001924"
"E01019480","E63001761"
"E01019496","E63001583"
"E01019607","E63999999"
"E01019611","E63001810"
"E01019613","E63001625"
"E01019614","E63001485"
"E01019615","E63001485"
"E01019618","E63001615"
"E01019620","E63001766"
"E01019711","E63001470"
"E01019621","E63001739"
"E01019713","E63001470"
"E01019736","E63001465"
"E01019741","E63001526"
"E01019742","E63999999"
"E01019764","E63001491"
"E01019562","E63001616"
"E01019513","E63001797"
"E01019629","E63999999"
"E01019520","E63001733"
"E01019552","E63001588"
"E01019566","E63001588"
"E01019630","E63001713"
"E01019671","E63001983"
"E01019634","E63001823"
"E01019770","E63001533"
"E01019771","E63001595"
"E01019772","E63001616"
"E01019604","E63001549"
"E01019605","E63001820"
"E01019775","E63001711"
"E01019701","E63001987"
"E01019704","E63001987"
"E01019656","E63002068"
"E01019798","E63001616"
"E01019801","E63001496"
"E01019816","E63001512"
"E01019819","E63001771"
"E01019822","E63001609"
"E01019839","E63002078"
"E01019843","E63002244"
"E01019850","E63002372"
"E01020082","E63006698"
"E01020087","E63006132"
"E01020179","E63007006"
"E01019862","E63002300"
"E01020097","E63999999"
"E01020099","E63005667"
"E01020100","E63005667"
"E01020108","E63005731"
"E01020109","E63005852"
"E01020119","E63006043"
"E01020122","E63006050"
"E01020127","E63005982"
"E01020131","E63006057"
"E01019866","E63999999"
"E01020186","E63006979"
"E01019867","E63002211"
"E01020187","E63006926"
"E01020188","E63006963"
"E01019935","E63006644"
"E01019936","E63006684"
"E01019938","E63999999"
"E01019940","E63006706"
"E01019959","E63999999"
"E01019960","E63999999"
"E01019962","E63006657"
"E01019966","E63006565"
"E01019967","E63006573"
"E01019871","E63002337"
"E01020191","E63006866"
"E01020193","E63006872"
"E01020142","E63006982"
"E01020143","E63999999"
"E01020145","E63006926"
"E01020147","E63007002"
"E01020148","E63999999"
"E01020149","E63999999"
"E01020153","E63006969"
"E01020157","E63999999"
"E01020159","E63006955"
"E01020174","E63007011"
"E01020175","E63006981"
"E01020197","E63006865"
"E01020044","E63006595"
"E01019882","E63002143"
"E01019891","E63006663"
"E01019895","E63006799"
"E01019900","E63006695"
"E01019901","E63006625"
"E01019903","E63006645"
"E01020049","E63999999"
"E01020205","E63006807"
"E01020068","E63006647"
"E01020070","E63006500"
"E01020072","E63006560"
"E01020073","E63006419"
"E01020074","E63006383"
"E01020077","E63006523"
"E01020237","E63006829"
"E01020241","E63006769"
"E01020243","E63006734"
"E01020246","E63006881"
"E01020259","E63999999"
"E01020262","E63999999"
"E01020273","E63006780"
"E01020274","E63999999"
"E01020276","E63006053"
"E01020278","E63006115"
"E01020489","E63006809"
"E01020541","E63006316"
"E01020286","E63999999"
"E01020287","E63006277"
"E01020289","E63999999"
"E01020290","E63006621"
"E01020291","E63006375"
"E01020295","E63999999"
"E01020296","E63006189"
"E01020301","E63006473"
"E01020302","E63999999"
"E01020303","E63006428"
"E01020308","E63006247"
"E01020309","E63999999"
"E01020314","E63999999"
"E01020315","E63006884"
"E01020319","E63999999"
"E01020320","E63999999"
"E01020325","E63999999"
"E01020331","E63006830"
"E01020490","E63006783"
"E01020550","E63006452"
"E01020570","E63006804"
"E01020590","E63000159"
"E01020440","E63006037"
"E01020441","E63006446"
"E01020444","E63006451"
"E01020449","E63006278"
"E01020460","E63006327"
"E01020462","E63006205"
"E01020389","E63006394"
"E01020604","E63000158"
"E01020396","E63999999"
"E01020606","E63000149"
"E01020398","E63006563"
"E01020608","E63000167"
"E01020617","E63000148"
"E01020622","E63000141"
"E01020632","E63000161"
"E01020635","E63999999"
"E01020505","E63006759"
"E01020506","E63006583"
"E01020508","E63006448"
"E01020509","E63006682"
"E01020512","E63006733"
"E01020515","E63006812"
"E01020517","E63006710"
"E01020529","E63006628"
"E01020530","E63006533"
"E01020535","E63006689"
"E01020536","E63006712"
"E01020537","E63006752"
"E01020539","E63006659"
"E01020408","E63006611"
"E01020431","E63999999"
"E01020433","E63006360"
"E01020357","E63006696"
"E01020380","E63006611"
"E01020655","E63000143"
"E01020657","E63000143"
"E01020667","E63000156"
"E01020680","E63000191"
"E01020688","E63000203"
"E01020696","E63000217"
"E01020942","E63006602"
"E01020863","E63999999"
"E01020864","E63000253"
"E01020869","E63000267"
"E01020754","E63000187"
"E01020875","E63000267"
"E01020882","E63000267"
"E01020887","E63000228"
"E01020888","E63000241"
"E01020889","E63999999"
"E01020899","E63000228"
"E01020903","E63000231"
"E01020906","E63000216"
"E01020699","E63000224"
"E01020700","E63000222"
"E01021023","E63006170"
"E01020817","E63000232"
"E01020821","E63000232"
"E01020822","E63000250"
"E01021032","E63006489"
"E01020772","E63999999"
"E01020846","E63000283"
"E01020729","E63000193"
"E01021169","E63005956"
"E01021170","E63006246"
"E01021173","E63006040"
"E01021186","E63005928"
"E01021187","E63005928"
"E01021188","E63006251"
"E01021189","E63006240"
"E01021199","E63006424"
"E01021205","E63006412"
"E01021208","E63006550"
"E01021217","E63006060"
"E01021218","E63006060"
"E01021068","E63006373"
"E01021229","E63006007"
"E01021230","E63006007"
"E01021118","E63006256"
"E01021264","E63004715"
"E01021377","E63004147"
"E01021381","E63004028"
"E01021443","E63004631"
"E01021141","E63006128"
"E01021142","E63006437"
"E01021147","E63999999"
"E01021148","E63006324"
"E01021149","E63006242"
"E01021154","E63006040"
"E01021163","E63006096"
"E01021164","E63006096"
"E01021165","E63006312"
"E01021348","E63999999"
"E01021355","E63004136"
"E01021356","E63004136"
"E01021361","E63004221"
"E01021362","E63004221"
"E01021460","E63004617"
"E01021470","E63999999"
"E01021084","E63006331"
"E01021396","E63004377"
"E01021398","E63003900"
"E01021400","E63003922"
"E01021404","E63004111"
"E01021406","E63999999"
"E01021407","E63003950"
"E01021409","E63004017"
"E01021411","E63004018"
"E01021413","E63004007"
"E01021414","E63003815"
"E01021087","E63006289"
"E01021099","E63006187"
"E01021100","E63006331"
"E01021103","E63006172"
"E01021109","E63006439"
"E01021114","E63006155"
"E01021483","E63004808"
"E01021532","E63004808"
"E01021853","E63004408"
"E01021730","E63004096"
"E01021741","E63004482"
"E01021643","E63004294"
"E01021806","E63004797"
"E01021539","E63004279"
"E01021540","E63004346"
"E01021543","E63004442"
"E01021550","E63999999"
"E01021551","E63004429"
"E01021571","E63004498"
"E01021761","E63004569"
"E01021602","E63004562"
"E01021875","E63004623"
"E01021902","E63004600"
"E01021768","E63004386"
"E01021769","E63999999"
"E01021792","E63004463"
"E01021796","E63004451"
"E01021797","E63004489"
"E01021800","E63004706"
"E01021656","E63004001"
"E01021659","E63003984"
"E01021660","E63004024"
"E01021663","E63004095"
"E01021694","E63004286"
"E01022011","E63004193"
"E01022019","E63003996"
"E01022028","E63004012"
"E01022051","E63004119"
"E01022053","E63004209"
"E01022057","E63003862"
"E01022175","E63004457"
"E01022178","E63004101"
"E01022184","E63003757"
"E01022058","E63004216"
"E01022186","E63004381"
"E01022270","E63004041"
"E01021909","E63004385"
"E01022187","E63004403"
"E01022271","E63004142"
"E01022222","E63004135"
"E01022062","E63004057"
"E01021913","E63004417"
"E01021915","E63999999"
"E01021921","E63004817"
"E01021942","E63004705"
"E01021946","E63004820"
"E01022224","E63004661"
"E01022064","E63004205"
"E01022225","E63004576"
"E01022227","E63004582"
"E01022128","E63004173"
"E01022071","E63003940"
"E01022234","E63004350"
"E01021971","E63004104"
"E01021972","E63004037"
"E01021974","E63004156"
"E01022247","E63004041"
"E01022250","E63004342"
"E01022259","E63004248"
"E01022266","E63004296"
"E01022267","E63004097"
"E01022072","E63003937"
"E01022201","E63999999"
"E01022202","E63004499"
"E01021978","E63004061"
"E01022077","E63003866"
"E01022205","E63004034"
"E01022207","E63004664"
"E01022215","E63004477"
"E01022216","E63004227"
"E01022096","E63004259"
"E01022097","E63003880"
"E01022098","E63003843"
"E01022376","E63004474"
"E01022385","E63004612"
"E01022389","E63004452"
"E01022392","E63004399"
"E01022397","E63004430"
"E01022406","E63004517"
"E01022408","E63004570"
"E01022409","E63004546"
"E01022413","E63004604"
"E01022415","E63004682"
"E01022592","E63006257"
"E01022536","E63005358"
"E01022561","E63005778"
"E01022562","E63005626"
"E01022582","E63005730"
"E01022585","E63005988"
"E01022591","E63005944"
"E01022652","E63006399"
"E01022596","E63005948"
"E01022597","E63006141"
"E01022434","E63004070"
"E01022657","E63006386"
"E01022488","E63999999"
"E01022676","E63006272"
"E01022681","E63006272"
"E01022686","E63006272"
"E01022489","E63005280"
"E01022439","E63004070"
"E01022441","E63004173"
"E01022604","E63005757"
"E01022442","E63004140"
"E01022606","E63006406"
"E01022445","E63004093"
"E01022350","E63004544"
"E01022354","E63004467"
"E01022366","E63004531"
"E01022371","E63004640"
"E01022717","E63006362"
"E01022729","E63006527"
"E01022500","E63005259"
"E01022630","E63005886"
"E01022631","E63006025"
"E01022449","E63003947"
"E01022513","E63005315"
"E01022522","E63005382"
"E01022532","E63005538"
"E01022453","E63004033"
"E01022465","E63004020"
"E01022468","E63005528"
"E01022472","E63005308"
"E01023084","E63006388"
"E01023085","E63006388"
"E01023025","E63006427"
"E01023026","E63006530"
"E01022978","E63006387"
"E01022980","E63006426"
"E01022984","E63006672"
"E01022990","E63006667"
"E01022991","E63006636"
"E01022992","E63006387"
"E01022993","E63999999"
"E01022999","E63006617"
"E01023011","E63006268"
"E01023034","E63006672"
"E01022773","E63006509"
"E01022887","E63005523"
"E01022845","E63006613"
"E01022846","E63005370"
"E01022856","E63005601"
"E01022858","E63999999"
"E01023158","E63006230"
"E01023063","E63006646"
"E01023159","E63005674"
"E01023160","E63005729"
"E01023162","E63006191"
"E01023163","E63006288"
"E01023165","E63005511"
"E01023167","E63005916"
"E01023171","E63006343"
"E01023280","E63005964"
"E01023282","E63006173"
"E01023288","E63005862"
"E01023177","E63006055"
"E01023229","E63006143"
"E01023232","E63006430"
"E01023235","E63006350"
"E01023245","E63006379"
"E01023246","E63006194"
"E01023491","E63004303"
"E01023178","E63005812"
"E01023492","E63004303"
"E01023481","E63004384"
"E01023485","E63004292"
"E01023486","E63004319"
"E01023493","E63004149"
"E01023494","E63004029"
"E01023496","E63999999"
"E01023184","E63006145"
"E01023195","E63005854"
"E01023196","E63005618"
"E01023198","E63005689"
"E01023204","E63005681"
"E01023221","E63006303"
"E01023222","E63006303"
"E01023225","E63006079"
"E01023507","E63004146"
"E01023562","E63004678"
"E01023424","E63004335"
"E01023585","E63003835"
"E01023528","E63004659"
"E01023431","E63004323"
"E01023908","E63004497"
"E01023925","E63004423"
"E01023945","E63004349"
"E01023947","E63004548"
"E01023701","E63004326"
"E01023718","E63004506"
"E01023722","E63004362"
"E01023740","E63004441"
"E01023743","E63004441"
"E01023748","E63004333"
"E01023749","E63004322"
"E01023597","E63003920"
"E01023799","E63004113"
"E01023655","E63003814"
"E01023978","E63999999"
"E01023663","E63004022"
"E01023988","E63005504"
"E01023997","E63006039"
"E01023826","E63004708"
"E01024009","E63005963"
"E01024013","E63005910"
"E01023680","E63004441"
"E01024014","E63005910"
"E01024015","E63005829"
"E01023624","E63004167"
"E01023625","E63004167"
"E01023627","E63004254"
"E01023634","E63003977"
"E01024133","E63005030"
"E01024242","E63005392"
"E01024345","E63005553"
"E01024346","E63005509"
"E01024077","E63005197"
"E01024347","E63005466"
"E01024350","E63005466"
"E01024196","E63005781"
"E01024200","E63005477"
"E01024201","E63005551"
"E01024204","E63005630"
"E01024206","E63005387"
"E01024207","E63005387"
"E01024234","E63005781"
"E01024035","E63005651"
"E01024042","E63005496"
"E01024043","E63005584"
"E01024053","E63005474"
"E01024054","E63005518"
"E01024057","E63005206"
"E01024172","E63005031"
"E01024362","E63005530"
"E01024377","E63005516"
"E01024379","E63005643"
"E01024387","E63999999"
"E01024392","E63005466"
"E01024085","E63005412"
"E01024087","E63005262"
"E01024110","E63005305"
"E01024113","E63005336"
"E01024300","E63005058"
"E01024332","E63005578"
"E01024335","E63005466"
"E01024419","E63005469"
"E01024420","E63005820"
"E01024439","E63005289"
"E01024451","E63005679"
"E01024452","E63005362"
"E01024455","E63999999"
"E01024456","E63005825"
"E01024458","E63005459"
"E01024484","E63005570"
"E01024490","E63005735"
"E01024622","E63005277"
"E01024549","E63999999"
"E01024525","E63005954"
"E01024544","E63005790"
"E01024545","E63005796"
"E01024548","E63006138"
"E01024550","E63005926"
"E01024554","E63005238"
"E01024555","E63999999"
"E01024556","E63999999"
"E01024746","E63999999"
"E01024754","E63005612"
"E01024565","E63999999"
"E01024566","E63005436"
"E01024792","E63005794"
"E01024793","E63005783"
"E01024803","E63005889"
"E01024804","E63005885"
"E01024806","E63005818"
"E01024921","E63000888"
"E01024923","E63001044"
"E01025026","E63000729"
"E01025027","E63000792"
"E01025054","E63000878"
"E01024870","E63000850"
"E01025077","E63000878"
"E01025132","E63999999"
"E01024977","E63000968"
"E01025080","E63000869"
"E01025199","E63000652"
"E01025204","E63000766"
"E01024998","E63000817"
"E01025146","E63000560"
"E01025167","E63999999"
"E01025171","E63000551"
"E01025095","E63000560"
"E01025102","E63000560"
"E01025106","E63000596"
"E01025107","E63999999"
"E01025265","E63000830"
"E01025279","E63000752"
"E01025393","E63000936"
"E01025395","E63000959"
"E01025412","E63000893"
"E01025424","E63000874"
"E01025281","E63000779"
"E01025495","E63001029"
"E01025513","E63001032"
"E01025514","E63001029"
"E01025515","E63001066"
"E01025531","E63000989"
"E01025538","E63001076"
"E01025598","E63000721"
"E01025609","E63000623"
"E01025626","E63002639"
"E01025288","E63000830"
"E01025359","E63001007"
"E01025384","E63000936"
"E01025687","E63002414"
"E01025456","E63000826"
"E01025471","E63001167"
"E01025479","E63001167"
"E01025547","E63000697"
"E01025561","E63000720"
"E01025575","E63000651"
"E01025585","E63000635"
"E01025589","E63000637"
"E01025320","E63999999"
"E01025323","E63000869"
"E01025324","E63000869"
"E01025730","E63002458"
"E01025738","E63002440"
"E01026065","E63001642"
"E01026068","E63001682"
"E01026070","E63001445"
"E01026071","E63001390"
"E01026076","E63001304"
"E01026082","E63001716"
"E01026099","E63001341"
"E01026102","E63001788"
"E01026105","E63001564"
"E01026107","E63001240"
"E01026109","E63001437"
"E01026111","E63001802"
"E01026113","E63001585"
"E01025769","E63002429"
"E01025777","E63002854"
"E01025784","E63002797"
"E01025788","E63002857"
"E01025789","E63002901"
"E01025797","E63002901"
"E01026014","E63001975"
"E01025808","E63002893"
"E01026016","E63002041"
"E01025909","E63002210"
"E01025809","E63002817"
"E01026017","E63002071"
"E01025963","E63002321"
"E01025964","E63002346"
"E01025966","E63002386"
"E01025969","E63002386"
"E01026009","E63001900"
"E01025911","E63002228"
"E01025810","E63999999"
"E01026018","E63002027"
"E01025913","E63002506"
"E01025815","E63002591"
"E01025923","E63002288"
"E01025938","E63002473"
"E01025941","E63002490"
"E01025944","E63002251"
"E01025950","E63002393"
"E01025953","E63002441"
"E01025955","E63002431"
"E01025873","E63002718"
"E01026033","E63002006"
"E01025881","E63002763"
"E01025882","E63002674"
"E01025884","E63002319"
"E01025887","E63002166"
"E01025890","E63002135"
"E01025837","E63002640"
"E01025891","E63002160"
"E01025892","E63002137"
"E01026044","E63001546"
"E01026045","E63001340"
"E01026055","E63999999"
"E01026056","E63001756"
"E01026057","E63999999"
"E01026059","E63001695"
"E01026060","E63001709"
"E01026436","E63002341"
"E01026437","E63002655"
"E01026440","E63002896"
"E01026441","E63002914"
"E01026443","E63002352"
"E01026444","E63002595"
"E01026453","E63999999"
"E01026456","E63002537"
"E01026462","E63002358"
"E01026464","E63002737"
"E01026479","E63002485"
"E01026484","E63002495"
"E01026330","E63002418"
"E01026338","E63002312"
"E01026355","E63001932"
"E01026363","E63002553"
"E01026365","E63002038"
"E01026373","E63001611"
"E01026485","E63999999"
"E01026221","E63002035"
"E01026276","E63002154"
"E01026117","E63001478"
"E01026227","E63001918"
"E01026245","E63002226"
"E01026246","E63002163"
"E01026248","E63002190"
"E01026254","E63002329"
"E01026259","E63002208"
"E01026191","E63001664"
"E01026280","E63002432"
"E01026193","E63001706"
"E01026281","E63002227"
"E01026385","E63001366"
"E01026493","E63002886"
"E01026282","E63002231"
"E01026501","E63002237"
"E01026504","E63002453"
"E01026524","E63002468"
"E01026525","E63999999"
"E01026388","E63001420"
"E01026391","E63001377"
"E01026392","E63001388"
"E01026394","E63001594"
"E01026198","E63001878"
"E01026283","E63002231"
"E01026285","E63002238"
"E01026201","E63002001"
"E01026403","E63001277"
"E01026304","E63002511"
"E01026207","E63001870"
"E01026208","E63001904"
"E01026410","E63001480"
"E01026411","E63001309"
"E01026210","E63001762"
"E01026414","E63001441"
"E01026416","E63001267"
"E01026419","E63002764"
"E01026609","E63002416"
"E01026628","E63002351"
"E01026636","E63002387"
"E01026903","E63002793"
"E01026904","E63002800"
"E01026538","E63002664"
"E01026539","E63002604"
"E01026558","E63002507"
"E01026694","E63002376"
"E01026642","E63002538"
"E01026643","E63002531"
"E01026651","E63002785"
"E01026695","E63002177"
"E01026656","E63002044"
"E01026675","E63002260"
"E01026679","E63002670"
"E01026681","E63001976"
"E01026914","E63002652"
"E01026920","E63002726"
"E01026929","E63002662"
"E01026703","E63002055"
"E01026930","E63002625"
"E01026872","E63002924"
"E01026873","E63002986"
"E01026874","E63002954"
"E01026876","E63002705"
"E01026877","E63002802"
"E01026878","E63002802"
"E01026880","E63002678"
"E01026883","E63002507"
"E01026885","E63002669"
"E01026886","E63002859"
"E01026893","E63002843"
"E01026894","E63002900"
"E01026899","E63002742"
"E01026761","E63002149"
"E01026766","E63001993"
"E01026935","E63002978"
"E01026767","E63999999"
"E01026769","E63002360"
"E01026780","E63002133"
"E01026781","E63001973"
"E01026782","E63002054"
"E01026783","E63002332"
"E01026784","E63002332"
"E01026786","E63002192"
"E01026788","E63002132"
"E01026789","E63999999"
"E01026790","E63999999"
"E01026943","E63002755"
"E01026947","E63002653"
"E01026948","E63002653"
"E01026713","E63002294"
"E01026716","E63002795"
"E01026717","E63002627"
"E01026718","E63002219"
"E01026719","E63002369"
"E01026721","E63002426"
"E01026724","E63002383"
"E01026727","E63002581"
"E01026728","E63002692"
"E01026729","E63002113"
"E01026733","E63002085"
"E01026737","E63002089"
"E01026739","E63001947"
"E01026740","E63002123"
"E01026741","E63001968"
"E01026994","E63003280"
"E01026998","E63003390"
"E01027002","E63003193"
"E01027296","E63003907"
"E01027297","E63003711"
"E01027298","E63003643"
"E01027304","E63003594"
"E01027305","E63003672"
"E01027306","E63003620"
"E01027308","E63003466"
"E01027250","E63003390"
"E01027261","E63003803"
"E01027262","E63003592"
"E01027273","E63003423"
"E01027274","E63003516"
"E01027277","E63003522"
"E01027338","E63003170"
"E01027129","E63002890"
"E01027021","E63003195"
"E01027202","E63003390"
"E01027031","E63003001"
"E01027050","E63002735"
"E01027066","E63003267"
"E01027090","E63002961"
"E01027091","E63003088"
"E01027353","E63003279"
"E01027355","E63003346"
"E01027366","E63000013"
"E01027370","E63000027"
"E01027373","E63000016"
"E01027380","E63999999"
"E01027381","E63000005"
"E01027382","E63000006"
"E01027384","E63000009"
"E01027444","E63000028"
"E01027447","E63999999"
"E01027450","E63000031"
"E01027472","E63000065"
"E01027473","E63000051"
"E01027477","E63999999"
"E01027480","E63999999"
"E01027483","E63000086"
"E01027484","E63000091"
"E01027652","E63000601"
"E01027666","E63000497"
"E01027667","E63000488"
"E01027756","E63000390"
"E01027703","E63999999"
"E01027758","E63999999"
"E01027600","E63000518"
"E01027704","E63000609"
"E01027759","E63000363"
"E01027601","E63000543"
"E01027557","E63999999"
"E01027558","E63000506"
"E01027562","E63000603"
"E01027569","E63000525"
"E01027573","E63000554"
"E01027585","E63000553"
"E01027592","E63000357"
"E01027593","E63000434"
"E01027761","E63000371"
"E01027503","E63000033"
"E01027504","E63000105"
"E01027762","E63999999"
"E01027505","E63999999"
"E01027603","E63000401"
"E01027763","E63000414"
"E01027764","E63999999"
"E01027508","E63000112"
"E01027604","E63000402"
"E01027681","E63000557"
"E01027682","E63000567"
"E01027684","E63000618"
"E01027686","E63000482"
"E01027687","E63000531"
"E01027688","E63000509"
"E01027693","E63000539"
"E01027695","E63000561"
"E01027696","E63000587"
"E01027701","E63999999"
"E01027510","E63999999"
"E01027511","E63999999"
"E01027512","E63999999"
"E01027724","E63000627"
"E01027734","E63999999"
"E01027735","E63000661"
"E01027736","E63000490"
"E01027737","E63000504"
"E01027742","E63999999"
"E01027744","E63999999"
"E01027751","E63999999"
"E01027752","E63999999"
"E01027771","E63000390"
"E01027773","E63999999"
"E01027775","E63000471"
"E01027613","E63000391"
"E01027617","E63999999"
"E01027622","E63000528"
"E01027626","E63000361"
"E01027627","E63000379"
"E01027628","E63000440"
"E01027633","E63000416"
"E01027634","E63000548"
"E01027635","E63000483"
"E01027636","E63000455"
"E01027637","E63000418"
"E01027642","E63000552"
"E01027643","E63999999"
"E01027646","E63000556"
"E01027647","E63999999"
"E01027776","E63000428"
"E01027777","E63999999"
"E01027778","E63999999"
"E01027779","E63999999"
"E01027780","E63000431"
"E01027797","E63000594"
"E01027798","E63000478"
"E01027799","E63000559"
"E01027800","E63000465"
"E01027802","E63000442"
"E01027803","E63000513"
"E01027813","E63000364"
"E01027822","E63999999"
"E01027833","E63000477"
"E01027840","E63000319"
"E01027841","E63999999"
"E01027849","E63000425"
"E01027857","E63000404"
"E01028023","E63001369"
"E01028027","E63001361"
"E01028031","E63001332"
"E01028033","E63001492"
"E01028035","E63001449"
"E01028036","E63001442"
"E01028039","E63001571"
"E01027923","E63000909"
"E01027924","E63000974"
"E01028189","E63001836"
"E01027875","E63000654"
"E01028087","E63002057"
"E01028106","E63001928"
"E01027882","E63000835"
"E01028213","E63001897"
"E01027999","E63001382"
"E01028006","E63001598"
"E01027948","E63001795"
"E01028172","E63001982"
"E01027889","E63000935"
"E01027891","E63000905"
"E01027897","E63000794"
"E01027902","E63000744"
"E01027904","E63000743"
"E01028263","E63001740"
"E01028571","E63004458"
"E01028283","E63001708"
"E01028598","E63004615"
"E01028388","E63002206"
"E01028336","E63999999"
"E01028606","E63004725"
"E01028611","E63004865"
"E01028612","E63004853"
"E01028638","E63004414"
"E01028639","E63004470"
"E01028640","E63004550"
"E01028641","E63004550"
"E01028642","E63004945"
"E01028643","E63004945"
"E01028337","E63001752"
"E01028647","E63004587"
"E01028649","E63004841"
"E01028657","E63004458"
"E01028497","E63004244"
"E01028402","E63002169"
"E01028409","E63999999"
"E01028410","E63002205"
"E01028411","E63001998"
"E01028415","E63001991"
"E01028420","E63999999"
"E01028421","E63002220"
"E01028434","E63003818"
"E01028500","E63004276"
"E01028501","E63004364"
"E01028506","E63004039"
"E01028507","E63004044"
"E01028508","E63003778"
"E01028474","E63003917"
"E01028477","E63004065"
"E01028479","E63003681"
"E01028480","E63003681"
"E01028482","E63003978"
"E01028483","E63004094"
"E01028484","E63004045"
"E01028486","E63003961"
"E01028348","E63001829"
"E01028349","E63001729"
"E01028525","E63004458"
"E01028309","E63001825"
"E01028371","E63002012"
"E01028312","E63001680"
"E01028317","E63001635"
"E01028329","E63001809"
"E01028330","E63001917"
"E01028331","E63001892"
"E01028332","E63001937"
"E01028711","E63004504"
"E01028720","E63004818"
"E01028726","E63004732"
"E01028730","E63004795"
"E01028658","E63004694"
"E01028737","E63004622"
"E01028871","E63002179"
"E01028820","E63004405"
"E01028762","E63004502"
"E01028872","E63002103"
"E01028882","E63999999"
"E01028888","E63999999"
"E01028893","E63002040"
"E01028978","E63002520"
"E01028898","E63999999"
"E01028899","E63002029"
"E01028910","E63002114"
"E01028913","E63999999"
"E01028914","E63002264"
"E01028922","E63999999"
"E01028979","E63002428"
"E01028980","E63002624"
"E01028659","E63004928"
"E01028990","E63999999"
"E01028925","E63002050"
"E01028927","E63002134"
"E01028929","E63002444"
"E01028993","E63999999"
"E01029052","E63005615"
"E01029053","E63005614"
"E01029056","E63005673"
"E01029057","E63005561"
"E01029058","E63005699"
"E01029059","E63005807"
"E01029068","E63005572"
"E01029077","E63005920"
"E01029086","E63005483"
"E01029089","E63005534"
"E01028996","E63003188"
"E01028828","E63002820"
"E01028672","E63004471"
"E01029003","E63002983"
"E01029005","E63999999"
"E01029016","E63999999"
"E01029018","E63005602"
"E01029019","E63005977"
"E01029020","E63005661"
"E01029021","E63005661"
"E01028843","E63999999"
"E01028846","E63999999"
"E01028847","E63999999"
"E01028850","E63002814"
"E01028851","E63002694"
"E01028858","E63999999"
"E01028859","E63002781"
"E01028862","E63002234"
"E01028863","E63002165"
"E01028869","E63002221"
"E01028870","E63999999"
"E01028793","E63004308"
"E01028795","E63004056"
"E01028796","E63004129"
"E01028797","E63004120"
"E01028804","E63004270"
"E01028678","E63004833"
"E01028679","E63004686"
"E01028950","E63002584"
"E01028954","E63002582"
"E01028960","E63999999"
"E01028969","E63002325"
"E01028970","E63999999"
"E01028976","E63002588"
"E01029197","E63006199"
"E01029199","E63006180"
"E01029203","E63006196"
"E01029208","E63006356"
"E01029209","E63006356"
"E01029211","E63006124"
"E01029212","E63006381"
"E01029214","E63006284"
"E01029217","E63006318"
"E01029221","E63005955"
"E01029222","E63006030"
"E01029223","E63006136"
"E01029230","E63006517"
"E01029261","E63006298"
"E01029262","E63006208"
"E01029268","E63006088"
"E01029269","E63006234"
"E01029270","E63006215"
"E01029275","E63006169"
"E01029278","E63006058"
"E01029279","E63006098"
"E01029147","E63005642"
"E01029148","E63005642"
"E01029149","E63005640"
"E01029150","E63005844"
"E01029411","E63002157"
"E01029122","E63005842"
"E01029125","E63005904"
"E01029128","E63005507"
"E01029136","E63005692"
"E01029137","E63005892"
"E01029144","E63006028"
"E01029151","E63005836"
"E01029463","E63002256"
"E01029155","E63006192"
"E01029163","E63006300"
"E01029164","E63006164"
"E01029165","E63006161"
"E01029166","E63006102"
"E01029180","E63006390"
"E01029196","E63006293"
"E01029473","E63999999"
"E01029488","E63002689"
"E01029505","E63002556"
"E01029321","E63006094"
"E01029325","E63005736"
"E01029327","E63005906"
"E01029419","E63002256"
"E01029422","E63002019"
"E01029424","E63002175"
"E01029425","E63002145"
"E01029440","E63002256"
"E01029452","E63002256"
"E01029334","E63005798"
"E01029335","E63999999"
"E01029338","E63005875"
"E01029342","E63005851"
"E01029389","E63002477"
"E01029398","E63002460"
"E01029399","E63002477"
"E01029405","E63002104"
"E01029406","E63999999"
"E01029733","E63002084"
"E01029748","E63001958"
"E01029749","E63002034"
"E01029769","E63001780"
"E01029871","E63003934"
"E01029571","E63002066"
"E01029582","E63001783"
"E01029587","E63001813"
"E01029667","E63002796"
"E01029514","E63002731"
"E01029515","E63002410"
"E01029516","E63002459"
"E01029670","E63002521"
"E01029517","E63002497"
"E01029875","E63003820"
"E01029621","E63002477"
"E01029876","E63003612"
"E01029877","E63003765"
"E01029673","E63002821"
"E01029636","E63002580"
"E01029639","E63002573"
"E01029645","E63002807"
"E01029647","E63002449"
"E01029651","E63002950"
"E01029652","E63002923"
"E01029665","E63002696"
"E01029681","E63002033"
"E01029880","E63003950"
"E01029688","E63002344"
"E01029881","E63003509"
"E01029883","E63003926"
"E01029778","E63001962"
"E01029696","E63999999"
"E01029697","E63999999"
"E01029703","E63002039"
"E01029708","E63002217"
"E01029902","E63003852"
"E01029906","E63003943"
"E01029907","E63003659"
"E01029911","E63003690"
"E01029788","E63002013"
"E01029789","E63999999"
"E01029794","E63001842"
"E01029795","E63001916"
"E01029797","E63999999"
"E01029801","E63001874"
"E01029802","E63001767"
"E01029813","E63001826"
"E01029817","E63999999"
"E01030146","E63003124"
"E01030150","E63003453"
"E01030151","E63003709"
"E01030154","E63003432"
"E01030176","E63003304"
"E01030186","E63003358"
"E01030193","E63003623"
"E01030197","E63003736"
"E01029922","E63003721"
"E01030198","E63003790"
"E01030088","E63003207"
"E01030039","E63003212"
"E01030041","E63003635"
"E01030046","E63003570"
"E01030049","E63003287"
"E01030053","E63003034"
"E01030057","E63003515"
"E01030058","E63003051"
"E01030063","E63003439"
"E01030064","E63003110"
"E01030065","E63003420"
"E01030066","E63003072"
"E01030068","E63003174"
"E01030069","E63003519"
"E01030083","E63003491"
"E01030199","E63003603"
"E01030200","E63003493"
"E01030253","E63002910"
"E01030285","E63002979"
"E01030286","E63999999"
"E01030293","E63002861"
"E01030295","E63002964"
"E01030201","E63003209"
"E01030090","E63003225"
"E01030094","E63003004"
"E01030096","E63003045"
"E01030097","E63003005"
"E01030099","E63003684"
"E01030100","E63003451"
"E01030119","E63003366"
"E01030122","E63003676"
"E01030132","E63003084"
"E01030133","E63003255"
"E01030138","E63999999"
"E01030212","E63003441"
"E01029941","E63003316"
"E01029945","E63003115"
"E01030221","E63003591"
"E01030222","E63003215"
"E01030346","E63005288"
"E01030229","E63003007"
"E01029957","E63003312"
"E01030440","E63005520"
"E01030556","E63005610"
"E01030557","E63005799"
"E01030662","E63005293"
"E01030663","E63005100"
"E01030721","E63005128"
"E01030730","E63005177"
"E01030734","E63005105"
"E01030709","E63005037"
"E01030465","E63005559"
"E01030471","E63005644"
"E01030472","E63005702"
"E01030478","E63005676"
"E01030490","E63005653"
"E01030491","E63005641"
"E01030492","E63005723"
"E01030501","E63005577"
"E01030502","E63005558"
"E01030655","E63005194"
"E01030528","E63005768"
"E01030530","E63005725"
"E01030531","E63005793"
"E01030544","E63005610"
"E01030658","E63005138"
"E01030572","E63005598"
"E01030592","E63005443"
"E01030964","E63005413"
"E01030929","E63005985"
"E01030932","E63005985"
"E01030941","E63005802"
"E01030942","E63005879"
"E01030944","E63005413"
"E01030867","E63999999"
"E01030877","E63005747"
"E01030879","E63005877"
"E01030908","E63005732"
"E01030816","E63005751"
"E01031149","E63003194"
"E01031024","E63002824"
"E01031028","E63999999"
"E01031159","E63002937"
"E01031160","E63003003"
"E01030987","E63005471"
"E01030832","E63005522"
"E01031166","E63003247"
"E01031050","E63002870"
"E01031065","E63002915"
"E01030852","E63005384"
"E01030856","E63005384"
"E01031007","E63002863"
"E01031188","E63003502"
"E01031189","E63003578"
"E01031193","E63003859"
"E01031194","E63003560"
"E01031197","E63003458"
"E01031199","E63003402"
"E01031208","E63003447"
"E01031213","E63003362"
"E01031218","E63003496"
"E01031243","E63003105"
"E01031244","E63003185"
"E01031245","E63003755"
"E01031247","E63003701"
"E01031283","E63003245"
"E01031317","E63003308"
"E01031328","E63003344"
"E01031252","E63003437"
"E01031498","E63006201"
"E01031506","E63006490"
"E01031507","E63999999"
"E01031508","E63006269"
"E01031520","E63006163"
"E01031521","E63006100"
"E01031529","E63006653"
"E01031390","E63006510"
"E01031554","E63005907"
"E01031391","E63006510"
"E01031254","E63003056"
"E01031465","E63006495"
"E01031397","E63006540"
"E01031280","E63003140"
"E01031281","E63003171"
"E01031282","E63003171"
"E01031477","E63006409"
"E01031478","E63006302"
"E01031479","E63006351"
"E01031426","E63006479"
"E01031766","E63005984"
"E01031770","E63006330"
"E01031771","E63006297"
"E01031611","E63006150"
"E01031618","E63006398"
"E01031625","E63006326"
"E01031626","E63006365"
"E01031628","E63006365"
"E01031866","E63005326"
"E01031632","E63006216"
"E01031871","E63005351"
"E01031873","E63004968"
"E01031877","E63005271"
"E01031882","E63005475"
"E01031884","E63004994"
"E01031885","E63004726"
"E01031894","E63004837"
"E01031904","E63005089"
"E01031912","E63005045"
"E01031660","E63006075"
"E01031661","E63006075"
"E01031639","E63006026"
"E01031663","E63006285"
"E01031931","E63005109"
"E01031664","E63006285"
"E01031937","E63999999"
"E01031940","E63004979"
"E01031942","E63005148"
"E01031944","E63004959"
"E01031950","E63999999"
"E01031951","E63004910"
"E01031955","E63004811"
"E01031957","E63004870"
"E01031960","E63004899"
"E01031961","E63004972"
"E01031971","E63006114"
"E01031972","E63006184"
"E01031991","E63999999"
"E01031992","E63006248"
"E01031995","E63006231"
"E01032000","E63006101"
"E01032007","E63006038"
"E01032010","E63005989"
"E01032013","E63005961"
"E01032027","E63005891"
"E01031842","E63005423"
"E01031845","E63005215"
"E01031846","E63005278"
"E01031848","E63005419"
"E01031858","E63005510"
"E01031674","E63005971"
"E01031723","E63005848"
"E01031727","E63006159"
"E01031695","E63005876"
"E01031697","E63006190"
"E01031698","E63006334"
"E01032031","E63006071"
"E01032033","E63005935"
"E01032034","E63005957"
"E01032036","E63006002"
"E01032038","E63006020"
"E01032041","E63005975"
"E01032051","E63005635"
"E01032052","E63005583"
"E01032057","E63005253"
"E01032059","E63005230"
"E01032060","E63005329"
"E01032070","E63005301"
"E01032075","E63005828"
"E01032076","E63005763"
"E01032193","E63003229"
"E01032198","E63999999"
"E01032199","E63003400"
"E01032205","E63003695"
"E01032212","E63003371"
"E01032213","E63003231"
"E01032216","E63003825"
"E01032223","E63003271"
"E01032226","E63003268"
"E01032228","E63003268"
"E01032237","E63003268"
"E01032081","E63999999"
"E01032122","E63003090"
"E01032123","E63003201"
"E01032401","E63003350"
"E01032134","E63002904"
"E01032136","E63003012"
"E01032403","E63003490"
"E01032410","E63003667"
"E01032411","E63003639"
"E01032414","E63003677"
"E01032417","E63003517"
"E01032351","E63003873"
"E01032352","E63003806"
"E01032179","E63999999"
"E01032180","E63003584"
"E01032181","E63999999"
"E01032251","E63003268"
"E01032276","E63003268"
"E01032355","E63003632"
"E01032334","E63003490"
"E01032345","E63003477"
"E01032346","E63003477"
"E01032431","E63999999"
"E01032432","E63003019"
"E01032437","E63003049"
"E01032371","E63003350"
"E01032372","E63003763"
"E01032373","E63003807"
"E01032375","E63003768"
"E01032382","E63003730"
"E01032383","E63003691"
"E01032390","E63003680"
"E01032392","E63003404"
"E01032394","E63003574"
"E01032395","E63003335"
"E01032680","E63005071"
"E01032692","E63005312"
"E01032696","E63005634"
"E01032503","E63000690"
"E01032613","E63001911"
"E01032620","E63005376"
"E01032622","E63001927"
"E01032625","E63005939"
"E01032628","E63006706"
"E01032461","E63003157"
"E01032485","E63001030"
"E01032814","E63005776"
"E01032648","E63000067"
"E01032905","E63001365"
"E01032924","E63001258"
"E01032819","E63005776"
"E01032831","E63006589"
"E01033205","E63000183"
"E01033243","E63003210"
"E01033056","E63004165"
"E01033378","E63001845"
"E01033281","E63000936"
"E01033289","E63006822"
"E01033060","E63003192"
"E01033027","E63004113"
"E01033029","E63004521"
"E01033042","E63002371"
"E01032938","E63003955"
"E01033446","E63003562"
"E01033072","E63000580"
"E01033078","E63005299"
"E01033116","E63003444"
"E01033118","E63003414"
"E01032982","E63003390"
"E01032992","E63001677"
"E01033460","E63004312"
"E01033769","E63001550"
"E01033821","E63003795"
"E01033832","E63004105"
"E01033955","E63004313"
"E01033480","E63000274"
"E01033497","E63003960"
"E01033519","E63003858"
"E01033523","E63003858"
"E01033530","E63999999"
"E01033717","E63000015"
"E01033966","E63004347"
"E01033970","E63999999"
"E01033971","E63004642"
"E01033979","E63001242"
"E01034011","E63002622"
"E01034050","E63002259"
"E01034268","E63000934"
"E01034196","E63004986"
"E01034063","E63006613"
"E01034074","E63000133"
"E01034075","E63000292"
"E01034076","E63000338"
"E01034102","E63002443"
"E01034106","E63002549"
"E01034249","E63001424"
"E01034254","E63001996"
"E01034340","E63000984"
"E01034346","E63000779"
"E01034350","E63000947"
"E01034299","E63006432"
"E01034300","E63006432"
"E01034302","E63006464"
"E01034468","E63003858"
"E01034498","E63000190"
"E01034506","E63000244"
"E01034370","E63004978"
"E01034662","E63001715"
"E01034664","E63999999"
"E01034667","E63001699"
"E01034668","E63999999"
"E01034673","E63999999"
"E01034675","E63001818"
"E01034677","E63001845"
"E01034683","E63001952"
"E01034695","E63001944"
"E01034707","E63001597"
"E01034708","E63005371"
"E01034709","E63005538"
"E01034522","E63004952"
"E01034523","E63005045"
"E01034531","E63005337"
"E01034564","E63003027"
"E01034722","E63005931"
"E01034732","E63006440"
"E01034733","E63006456"
"E01034740","E63003006"
"E01034751","E63004298"
"E01034756","E63000764"
"E01034575","E63003758"
"E01034435","E63003057"
"E01034441","E63003318"
"E01034447","E63003735"
"E01034449","E63003858"
"E01034538","E63005312"
"E01034540","E63005431"
"E01034541","E63005385"
"E01034543","E63005719"
"E01034619","E63006668"
"E01034622","E63006677"
"E01034623","E63006691"
"E01034625","E63999999"
"E01034634","E63006748"
"E01034636","E63006416"
"E01034642","E63006634"
"E01034661","E63999999"
"E01034775","E63002000"
"E01034776","E63002032"
"E01034782","E63003982"
"E01034790","E63004786"
"E01034800","E63004343"
"E01034805","E63004177"
"E01034806","E63004249"
"E01034965","E63000390"
"E01034973","E63000372"
"E01034988","E63005855"
"E01034989","E63005776"
"E01035002","E63005255"
"E01035004","E63005290"
"E01035107","E63005605"
"E01035057","E63002138"
"E01035108","E63005646"
"E01034817","E63006564"
"E01035058","E63002158"
"E01035011","E63005404"
"E01035025","E63003162"
"E01035026","E63003068"
"E01035034","E63003630"
"E01035052","E63000886"
"E01035053","E63000886"
"E01035067","E63999999"
"E01034822","E63006618"
"E01034841","E63001464"
"E01034852","E63006893"
"E01035069","E63002462"
"E01035071","E63002883"
"E01035072","E63999999"
"E01035098","E63002183"
"E01035182","E63004186"
"E01034945","E63002904"
"E01035153","E63002507"
"E01035209","E63999999"
"E01035212","E63005002"
"E01035234","E63005097"
"E01035236","E63005087"
"E01035255","E63004461"
"E01035513","E63003443"
"E01035459","E63005660"
"E01035312","E63005525"
"E01035429","E63003230"
"E01035441","E63006399"
"E01035452","E63006226"
"E01035454","E63005594"
"E01035379","K08000001"
"E01035318","E63005149"
"E01035321","E63006308"
"E01035326","E63006541"
"E01035328","E63005907"
"E01035331","E63005899"
"E01035351","E63006170"
"E01035301","E63005052"
"E01035602","E63004551"
"E01035723","E63003797"
"E01035733","E63004154"
"E01035748","E63004789"
"E01035751","E63004838"
"E01035752","E63004866"
"E01035759","E63004750"
"E01035634","E63000050"
"E01035637","E63999999"
